<ImportExportXml xmlns:xsi="http://www.w3.org/2001/XMLSchema-instance">
  <Entities>
    <Entity>
      <Name LocalizedName="Case" OriginalName="Case">Incident</Name>
      <EntityInfo>
        <entity Name="Incident" unmodified="1">
          <attributes />
        </entity>
      </EntityInfo>
      <SavedQueries>
        <savedqueries>
          <savedquery>
            <isquickfindquery>0</isquickfindquery>
            <isprivate>0</isprivate>
            <isdefault>0</isdefault>
            <savedqueryid>{00000000-0000-0000-00aa-000010001030}</savedqueryid>
            <queryapi></queryapi>
            <layoutxml>
              <grid name="resultset" jump="title" select="1" icon="1" preview="1">
                <row name="result" id="incidentid">
                  <cell name="title" width="300" />
                  <cell name="ticketnumber" width="125" imageproviderfunctionname="" imageproviderwebresource="$webresource:" />
                  <cell name="prioritycode" width="150" imageproviderfunctionname="casePriorityIcons" imageproviderwebresource="$webresource:ashv_ViewCustomizations" />
                  <cell name="caseorigincode" width="100" />
                  <cell name="customerid" width="150" />
                  <cell name="ownerid" width="150" />
                  <cell name="statecode" width="150" />
                  <cell name="createdon" width="150" />
                </row>
              </grid>
            </layoutxml>
            <querytype>0</querytype>
            <fetchxml>
              <fetch version="1.0" output-format="xml-platform" mapping="logical">
                <entity name="incident">
                  <attribute name="ticketnumber" />
                  <attribute name="prioritycode" />
                  <attribute name="title" />
                  <attribute name="createdon" />
                  <attribute name="customerid" />
                  <attribute name="ownerid" />
                  <attribute name="statecode" />
                  <order attribute="title" descending="false" />
                  <attribute name="caseorigincode" />
                  <attribute name="incidentid" />
                </entity>
              </fetch>
            </fetchxml>
            <IntroducedVersion>5.0.0.0</IntroducedVersion>
            <LocalizedNames>
              <LocalizedName description="All Cases" languagecode="1033" />
            </LocalizedNames>
          </savedquery>
        </savedqueries>
      </SavedQueries>
      <RibbonDiffXml>
        <CustomActions />
        <Templates>
          <RibbonTemplates Id="Mscrm.Templates"></RibbonTemplates>
        </Templates>
        <CommandDefinitions />
        <RuleDefinitions>
          <TabDisplayRules />
          <DisplayRules />
          <EnableRules />
        </RuleDefinitions>
        <LocLabels />
      </RibbonDiffXml>
    </Entity>
  </Entities>
  <Roles></Roles>
  <Workflows></Workflows>
  <FieldSecurityProfiles></FieldSecurityProfiles>
  <Templates />
  <EntityMaps>
    <EntityMap>
      <EntitySource>incident</EntitySource>
      <EntityTarget>incidentresolution</EntityTarget>
      <AttributeMaps>
        <AttributeMap>
          <AttributeSource>incidentid</AttributeSource>
          <AttributeTarget>incidentid</AttributeTarget>
        </AttributeMap>
      </AttributeMaps>
    </EntityMap>
  </EntityMaps>
  <EntityRelationships />
  <OrganizationSettings />
  <optionsets />
  <WebResources>
    <WebResource>
      <WebResourceId>{5f746a1d-62fd-e711-a956-000d3a109280}</WebResourceId>
      <Name>ashv_ViewCustomizations</Name>
      <DisplayName>View Customizations</DisplayName>
      <WebResourceType>3</WebResourceType>
      <IntroducedVersion>1.0.0.0</IntroducedVersion>
      <IsEnabledForMobileClient>0</IsEnabledForMobileClient>
      <IsAvailableForMobileOffline>0</IsAvailableForMobileOffline>
      <DependencyXml>&lt;Dependencies&gt;&lt;Dependency componentType="WebResource"/&gt;&lt;/Dependencies&gt;</DependencyXml>
      <IsCustomizable>1</IsCustomizable>
      <CanBeDeleted>1</CanBeDeleted>
      <IsHidden>0</IsHidden>
      <FileName>/WebResources/ashv_ViewCustomizations5F746A1D-62FD-E711-A956-000D3A109280</FileName>
    </WebResource>
    <WebResource>
      <WebResourceId>{3e5fa3e0-b8ff-e711-a956-000d3a109280}</WebResourceId>
      <Name>ashv_high</Name>
      <DisplayName>High Priority Case Icon</DisplayName>
      <WebResourceType>5</WebResourceType>
      <IntroducedVersion>1.0.0.0</IntroducedVersion>
      <IsEnabledForMobileClient>0</IsEnabledForMobileClient>
      <IsAvailableForMobileOffline>0</IsAvailableForMobileOffline>
      <DependencyXml>&lt;Dependencies&gt;&lt;Dependency componentType="WebResource"/&gt;&lt;/Dependencies&gt;</DependencyXml>
      <IsCustomizable>1</IsCustomizable>
      <CanBeDeleted>1</CanBeDeleted>
      <IsHidden>0</IsHidden>
      <FileName>/WebResources/ashv_high3E5FA3E0-B8FF-E711-A956-000D3A109280</FileName>
    </WebResource>
    <WebResource>
      <WebResourceId>{e08e53ff-b8ff-e711-a956-000d3a109280}</WebResourceId>
      <Name>ashv_normal</Name>
      <DisplayName>Normal Priority Case Icon</DisplayName>
      <WebResourceType>5</WebResourceType>
      <IntroducedVersion>1.0.0.0</IntroducedVersion>
      <IsEnabledForMobileClient>0</IsEnabledForMobileClient>
      <IsAvailableForMobileOffline>0</IsAvailableForMobileOffline>
      <DependencyXml>&lt;Dependencies&gt;&lt;Dependency componentType="WebResource"/&gt;&lt;/Dependencies&gt;</DependencyXml>
      <IsCustomizable>1</IsCustomizable>
      <CanBeDeleted>1</CanBeDeleted>
      <IsHidden>0</IsHidden>
      <FileName>/WebResources/ashv_normalE08E53FF-B8FF-E711-A956-000D3A109280</FileName>
    </WebResource>
    <WebResource>
      <WebResourceId>{37005512-b9ff-e711-a956-000d3a109280}</WebResourceId>
      <Name>ashv_low</Name>
      <DisplayName>Low Priority Case Icon</DisplayName>
      <WebResourceType>5</WebResourceType>
      <IntroducedVersion>1.0.0.0</IntroducedVersion>
      <IsEnabledForMobileClient>0</IsEnabledForMobileClient>
      <IsAvailableForMobileOffline>0</IsAvailableForMobileOffline>
      <DependencyXml>&lt;Dependencies&gt;&lt;Dependency componentType="WebResource"/&gt;&lt;/Dependencies&gt;</DependencyXml>
      <IsCustomizable>1</IsCustomizable>
      <CanBeDeleted>1</CanBeDeleted>
      <IsHidden>0</IsHidden>
      <FileName>/WebResources/ashv_low37005512-B9FF-E711-A956-000D3A109280</FileName>
    </WebResource>
  </WebResources>
  <EntityDataProviders />
  <Languages>
    <Language>1033</Language>
  </Languages>
</ImportExportXml>