<ImportExportXml version="9.0.0000.3267" SolutionPackageVersion="9.0" languagecode="1033" generatedBy="CrmLive" xmlns:xsi="http://www.w3.org/2001/XMLSchema-instance">
  <SolutionManifest>
    <UniqueName>CaseViewCustomizations</UniqueName>
    <LocalizedNames>
      <LocalizedName description="CaseViewCustomizations" languagecode="1033" />
    </LocalizedNames>
    <Descriptions />
    <Version>1.0.0.0</Version>
    <Managed>0</Managed>
    <Publisher>
      <UniqueName>ashv</UniqueName>
      <LocalizedNames>
        <LocalizedName description="AshV" languagecode="1033" />
      </LocalizedNames>
      <Descriptions />
      <EMailAddress>Hello@AshishVishwakarma.com</EMailAddress>
      <SupportingWebsiteUrl>http://AshishVishwakarma.com/</SupportingWebsiteUrl>
      <CustomizationPrefix>ashv</CustomizationPrefix>
      <CustomizationOptionValuePrefix>79324</CustomizationOptionValuePrefix>
      <Addresses>
        <Address>
          <AddressNumber>1</AddressNumber>
          <AddressTypeCode>1</AddressTypeCode>
          <City xsi:nil="true"></City>
          <County xsi:nil="true"></County>
          <Country xsi:nil="true"></Country>
          <Fax xsi:nil="true"></Fax>
          <FreightTermsCode xsi:nil="true"></FreightTermsCode>
          <ImportSequenceNumber xsi:nil="true"></ImportSequenceNumber>
          <Latitude xsi:nil="true"></Latitude>
          <Line1 xsi:nil="true"></Line1>
          <Line2 xsi:nil="true"></Line2>
          <Line3 xsi:nil="true"></Line3>
          <Longitude xsi:nil="true"></Longitude>
          <Name xsi:nil="true"></Name>
          <PostalCode xsi:nil="true"></PostalCode>
          <PostOfficeBox xsi:nil="true"></PostOfficeBox>
          <PrimaryContactName xsi:nil="true"></PrimaryContactName>
          <ShippingMethodCode>1</ShippingMethodCode>
          <StateOrProvince xsi:nil="true"></StateOrProvince>
          <Telephone1>+918523831098</Telephone1>
          <Telephone2 xsi:nil="true"></Telephone2>
          <Telephone3 xsi:nil="true"></Telephone3>
          <TimeZoneRuleVersionNumber xsi:nil="true"></TimeZoneRuleVersionNumber>
          <UPSZone xsi:nil="true"></UPSZone>
          <UTCOffset xsi:nil="true"></UTCOffset>
          <UTCConversionTimeZoneCode xsi:nil="true"></UTCConversionTimeZoneCode>
        </Address>
        <Address>
          <AddressNumber>2</AddressNumber>
          <AddressTypeCode>1</AddressTypeCode>
          <City xsi:nil="true"></City>
          <County xsi:nil="true"></County>
          <Country xsi:nil="true"></Country>
          <Fax xsi:nil="true"></Fax>
          <FreightTermsCode xsi:nil="true"></FreightTermsCode>
          <ImportSequenceNumber xsi:nil="true"></ImportSequenceNumber>
          <Latitude xsi:nil="true"></Latitude>
          <Line1 xsi:nil="true"></Line1>
          <Line2 xsi:nil="true"></Line2>
          <Line3 xsi:nil="true"></Line3>
          <Longitude xsi:nil="true"></Longitude>
          <Name xsi:nil="true"></Name>
          <PostalCode xsi:nil="true"></PostalCode>
          <PostOfficeBox xsi:nil="true"></PostOfficeBox>
          <PrimaryContactName xsi:nil="true"></PrimaryContactName>
          <ShippingMethodCode>1</ShippingMethodCode>
          <StateOrProvince xsi:nil="true"></StateOrProvince>
          <Telephone1 xsi:nil="true"></Telephone1>
          <Telephone2 xsi:nil="true"></Telephone2>
          <Telephone3 xsi:nil="true"></Telephone3>
          <TimeZoneRuleVersionNumber xsi:nil="true"></TimeZoneRuleVersionNumber>
          <UPSZone xsi:nil="true"></UPSZone>
          <UTCOffset xsi:nil="true"></UTCOffset>
          <UTCConversionTimeZoneCode xsi:nil="true"></UTCConversionTimeZoneCode>
        </Address>
      </Addresses>
    </Publisher>
    <RootComponents>
      <RootComponent type="1" schemaName="incident" behavior="1" />
      <RootComponent type="61" schemaName="ashv_high" behavior="0" />
      <RootComponent type="61" schemaName="ashv_low" behavior="0" />
      <RootComponent type="61" schemaName="ashv_normal" behavior="0" />
      <RootComponent type="61" schemaName="ashv_ViewCustomizations" behavior="0" />
    </RootComponents>
    <MissingDependencies>
      <MissingDependency>
        <Required key="0" type="1" schemaName="incident" displayName="Case" solution="msdynce_Service (9.0.3.53)" />
        <Dependent key="0" type="1" schemaName="incident" displayName="Case" />
      </MissingDependency>
      <MissingDependency>
        <Required key="1" type="2" schemaName="createdon" displayName="Created On" parentSchemaName="incident" parentDisplayName="Case" solution="msdynce_Service (9.0.3.53)" />
        <Dependent key="2" type="26" schemaName="All Cases" displayName="All Cases" parentSchemaName="incident" parentDisplayName="Case" id="{00000000-0000-0000-00aa-000010001030}" />
      </MissingDependency>
      <MissingDependency>
        <Required key="3" type="2" schemaName="ticketnumber" displayName="Case Number" parentSchemaName="incident" parentDisplayName="Case" solution="msdynce_Service (9.0.3.53)" />
        <Dependent key="2" type="26" schemaName="All Cases" displayName="All Cases" parentSchemaName="incident" parentDisplayName="Case" id="{00000000-0000-0000-00aa-000010001030}" />
      </MissingDependency>
      <MissingDependency>
        <Required key="4" type="2" schemaName="customerid" displayName="Customer" parentSchemaName="incident" parentDisplayName="Case" solution="msdynce_Service (9.0.3.53)" />
        <Dependent key="2" type="26" schemaName="All Cases" displayName="All Cases" parentSchemaName="incident" parentDisplayName="Case" id="{00000000-0000-0000-00aa-000010001030}" />
      </MissingDependency>
      <MissingDependency>
        <Required key="5" type="2" schemaName="prioritycode" displayName="Priority" parentSchemaName="incident" parentDisplayName="Case" solution="msdynce_Service (9.0.3.53)" />
        <Dependent key="2" type="26" schemaName="All Cases" displayName="All Cases" parentSchemaName="incident" parentDisplayName="Case" id="{00000000-0000-0000-00aa-000010001030}" />
      </MissingDependency>
      <MissingDependency>
        <Required key="6" type="2" schemaName="ownerid" displayName="Owner" parentSchemaName="incident" parentDisplayName="Case" solution="msdynce_Service (9.0.3.53)" />
        <Dependent key="2" type="26" schemaName="All Cases" displayName="All Cases" parentSchemaName="incident" parentDisplayName="Case" id="{00000000-0000-0000-00aa-000010001030}" />
      </MissingDependency>
      <MissingDependency>
        <Required key="7" type="2" schemaName="title" displayName="Case Title" parentSchemaName="incident" parentDisplayName="Case" solution="msdynce_Service (9.0.3.53)" />
        <Dependent key="2" type="26" schemaName="All Cases" displayName="All Cases" parentSchemaName="incident" parentDisplayName="Case" id="{00000000-0000-0000-00aa-000010001030}" />
      </MissingDependency>
      <MissingDependency>
        <Required key="8" type="2" schemaName="incidentid" displayName="Case" parentSchemaName="incident" parentDisplayName="Case" solution="msdynce_Service (9.0.3.53)" />
        <Dependent key="2" type="26" schemaName="All Cases" displayName="All Cases" parentSchemaName="incident" parentDisplayName="Case" id="{00000000-0000-0000-00aa-000010001030}" />
      </MissingDependency>
      <MissingDependency>
        <Required key="9" type="2" schemaName="caseorigincode" displayName="Origin" parentSchemaName="incident" parentDisplayName="Case" solution="msdynce_Service (9.0.3.53)" />
        <Dependent key="2" type="26" schemaName="All Cases" displayName="All Cases" parentSchemaName="incident" parentDisplayName="Case" id="{00000000-0000-0000-00aa-000010001030}" />
      </MissingDependency>
      <MissingDependency>
        <Required key="10" type="2" schemaName="statecode" displayName="Status" parentSchemaName="incident" parentDisplayName="Case" solution="msdynce_Service (9.0.3.53)" />
        <Dependent key="2" type="26" schemaName="All Cases" displayName="All Cases" parentSchemaName="incident" parentDisplayName="Case" id="{00000000-0000-0000-00aa-000010001030}" />
      </MissingDependency>
      <MissingDependency>
        <Required key="2" type="26" schemaName="All Cases" displayName="All Cases" parentSchemaName="incident" parentDisplayName="Case" solution="msdynce_Service (9.0.3.53)" id="{00000000-0000-0000-00aa-000010001030}" />
        <Dependent key="2" type="26" schemaName="All Cases" displayName="All Cases" parentSchemaName="incident" parentDisplayName="Case" id="{00000000-0000-0000-00aa-000010001030}" />
      </MissingDependency>
    </MissingDependencies>
  </SolutionManifest>
</ImportExportXml>